Model,CV_F1
Logistic Regression,0.8774186537940375
Random Forest,0.9784901212446389
XGBoost,0.9742865204617557
